id;category;difficulty;question_fr;question_en;choices_fr;choices_en;correct;explanation_fr;explanation_en;source_hint
539;Cinéma;2;"Quel réalisateur a réalisé le film 'Le Labyrinthe de Pan' ?";"Which director directed the movie 'Pan's Labyrinth'?";"A) Alfonso Cuarón | B) Guillermo Del Toro | C) Alejandro González Iñárritu | D) Alejandro Jodorowsky";"A) Alfonso Cuarón | B) Guillermo Del Toro | C) Alejandro González Iñárritu | D) Alejandro Jodorowsky";"B";"Guillermo Del Toro a réalisé Le Labyrinthe de Pan en 2006.";"Guillermo Del Toro directed Pan's Labyrinth in 2006.";"OpenTDB"
540;Cinéma;3;"En quelle année Clint Eastwood a-t-il joué l'inspecteur Harry Callahan dans 'Dirty Harry' ?";"In what year did Clint Eastwood star as Inspector Harry Callahan in 'Dirty Harry'?";"A) 1969 | B) 1971 | C) 1975 | D) 1983";"A) 1969 | B) 1971 | C) 1975 | D) 1983";"B";"Dirty Harry est sorti en 1971 avec Clint Eastwood.";"Dirty Harry was released in 1971 starring Clint Eastwood.";"OpenTDB"
541;Cinéma;2;"Qui a réalisé le film 'Alien' ?";"Who directed the movie 'Alien'?";"A) Christopher Nolan | B) Ridley Scott | C) Michael Bay | D) James Cameron";"A) Christopher Nolan | B) Ridley Scott | C) Michael Bay | D) James Cameron";"B";"Ridley Scott a réalisé Alien en 1979.";"Ridley Scott directed Alien in 1979.";"OpenTDB"
542;Cinéma;1;"Quel était le nom de famille de Dorothy dans 'Le Magicien d'Oz' ?";"What was Dorothy's surname in 'The Wizard Of Oz'?";"A) Perkins | B) Gale | C) Day | D) Parker";"A) Perkins | B) Gale | C) Day | D) Parker";"B";"Dorothy Gale est le personnage principal du Magicien d'Oz.";"Dorothy Gale is the main character of The Wizard of Oz.";"OpenTDB"
543;Cinéma;1;"Qui a réalisé les films Kill Bill ?";"Who directed the Kill Bill movies?";"A) Arnold Schwarzenegger | B) Quentin Tarantino | C) David Lean | D) Stanley Kubrick";"A) Arnold Schwarzenegger | B) Quentin Tarantino | C) David Lean | D) Stanley Kubrick";"B";"Quentin Tarantino a réalisé Kill Bill Vol. 1 et 2.";"Quentin Tarantino directed Kill Bill Vol. 1 and 2.";"OpenTDB"
544;Cinéma;2;"Dans le film 'Speed' (1994), quelle est la vitesse minimale du bus pour éviter l'explosion ?";"In the 1994 movie 'Speed', what is the minimum speed the bus must go to prevent the bomb from exploding?";"A) 60 mph | B) 50 mph | C) 40 mph | D) 70 mph";"A) 60 mph | B) 50 mph | C) 40 mph | D) 70 mph";"B";"Le bus doit maintenir une vitesse de 50 mph (80 km/h).";"The bus must maintain a speed of 50 mph.";"OpenTDB"
545;Cinéma;1;"Dans 'Seul au monde', comment s'appelle le meilleur ami du protagoniste sur l'île ?";"In the movie 'Cast Away' the main protagonist's best friend on the island is named?";"A) Carson | B) Wilson | C) Jackson | D) Willy";"A) Carson | B) Wilson | C) Jackson | D) Willy";"B";"Wilson est le ballon de volley-ball qui devient l'ami imaginaire de Chuck.";"Wilson is the volleyball that becomes Chuck's imaginary friend.";"OpenTDB"
546;Cinéma;1;"Qui a joué Samuel Gerard dans 'Le Fugitif' (1993) ?";"Who played Deputy Marshal Samuel Gerard in the 1993 film 'The Fugitive'?";"A) Harrison Ford | B) Tommy Lee Jones | C) Harvey Keitel | D) Martin Landau";"A) Harrison Ford | B) Tommy Lee Jones | C) Harvey Keitel | D) Martin Landau";"B";"Tommy Lee Jones a remporté l'Oscar pour ce rôle.";"Tommy Lee Jones won the Oscar for this role.";"OpenTDB"
547;Cinéma;1;"Quel film contient la réplique 'I feel the need... the need for speed!' ?";"This movie contains the quote, 'I feel the need ... the need for speed!'";"A) Days of Thunder | B) Top Gun | C) The Color of Money | D) Cocktail";"A) Days of Thunder | B) Top Gun | C) The Color of Money | D) Cocktail";"B";"Cette réplique culte vient de Top Gun (1986).";"This iconic quote comes from Top Gun (1986).";"OpenTDB"
548;Cinéma;2;"Susan Sarandon a attrapé une pneumonie pendant le tournage de quel film ?";"Actress Susan Sarandon caught pneumonia during filming of which movie?";"A) Thelma et Louise | B) The Rocky Horror Picture Show | C) Dead Man Walking | D) Enchanted";"A) Thelma and Louise | B) The Rocky Horror Picture Show | C) Dead Man Walking | D) Enchanted";"B";"Elle a eu une pneumonie à cause des scènes en sous-vêtements mouillés.";"She got pneumonia from scenes in wet undergarments.";"OpenTDB"
549;Cinéma;2;"Selon Star Wars, quelle est la planète natale de Han Solo ?";"According to the Star Wars lore, what is Han Solo's home planet?";"A) Tatooine | B) Corellia | C) Naboo | D) Coruscant";"A) Tatooine | B) Corellia | C) Naboo | D) Coruscant";"B";"Han Solo est originaire de Corellia.";"Han Solo is from Corellia.";"OpenTDB"
550;Cinéma;2;"Quel acteur a joué le rôle principal dans 'Edward aux mains d'argent' (1990) ?";"Which actor played the main character in the 1990 film 'Edward Scissorhands'?";"A) Clint Eastwood | B) Johnny Depp | C) Leonardo DiCaprio | D) Ben Stiller";"A) Clint Eastwood | B) Johnny Depp | C) Leonardo DiCaprio | D) Ben Stiller";"B";"Johnny Depp a joué Edward dans ce film de Tim Burton.";"Johnny Depp played Edward in this Tim Burton film.";"OpenTDB"
551;Cinéma;1;"Qui joue Alice dans les films Resident Evil ?";"Who plays Alice in the Resident Evil movies?";"A) Madison Derpe | B) Milla Jovovich | C) Milla Johnson | D) Kim Demp";"A) Madison Derpe | B) Milla Jovovich | C) Milla Johnson | D) Kim Demp";"B";"Milla Jovovich a joué Alice dans toute la franchise.";"Milla Jovovich played Alice throughout the franchise.";"OpenTDB"
552;Cinéma;1;"Qui a joué Batman dans le film de Tim Burton en 1989 ?";"Who starred as Bruce Wayne and Batman in Tim Burton's 1989 movie 'Batman'?";"A) George Clooney | B) Michael Keaton | C) Val Kilmer | D) Adam West";"A) George Clooney | B) Michael Keaton | C) Val Kilmer | D) Adam West";"B";"Michael Keaton a joué Batman dans les deux films de Tim Burton.";"Michael Keaton played Batman in both Tim Burton films.";"OpenTDB"
553;Cinéma;1;"Dans 'Blade Runner', comment appelle-t-on les androïdes humanoïdes ?";"In the movie 'Blade Runner', what is the term used for human-like androids?";"A) Cylons | B) Réplicants | C) Synthétiques | D) Skinjobs";"A) Cylons | B) Replicants | C) Synthetics | D) Skinjobs";"B";"Les réplicants sont les androïdes créés par Tyrell Corporation.";"Replicants are androids created by Tyrell Corporation.";"OpenTDB"
554;Cinéma;1;"Quel super-héros a été joué par Michael Keaton, Val Kilmer, George Clooney et Christian Bale ?";"What superhero has been played by Michael Keaton, Val Kilmer, George Clooney and Christian Bale?";"A) Superman | B) Batman | C) Iron Man | D) Spiderman";"A) Superman | B) Batman | C) Iron Man | D) Spiderman";"B";"Ces quatre acteurs ont tous joué Batman au cinéma.";"These four actors have all played Batman in cinema.";"OpenTDB"
555;Cinéma;2;"Quel acteur a joué dans 'Top Gun', 'Jerry Maguire' et 'Né un 4 juillet' ?";"Which star actor was in 'Top Gun', 'Jerry Maguire' and 'Born on the Fourth of July'?";"A) Kelly McGillis | B) Tom Cruise | C) John Travolta | D) George Clooney";"A) Kelly McGillis | B) Tom Cruise | C) John Travolta | D) George Clooney";"B";"Tom Cruise a joué dans ces trois films emblématiques.";"Tom Cruise starred in these three iconic films.";"OpenTDB"
556;Cinéma;1;"Qui a réalisé 'E.T. l'extra-terrestre' (1982) ?";"Who directed 'E.T. the Extra-Terrestrial' (1982)?";"A) Stanley Kubrick | B) Steven Spielberg | C) James Cameron | D) Tim Burton";"A) Stanley Kubrick | B) Steven Spielberg | C) James Cameron | D) Tim Burton";"B";"Steven Spielberg a réalisé ce classique du cinéma.";"Steven Spielberg directed this cinema classic.";"OpenTDB"
557;Cinéma;1;"Qui joue Ethan Hunt dans la série de films 'Mission: Impossible' ?";"Who plays protagonist Ethan Hunt in the 'Mission: Impossible' film-series?";"A) Johnny Depp | B) Tom Cruise | C) Sean Connery | D) Pierce Brosnan";"A) Johnny Depp | B) Tom Cruise | C) Sean Connery | D) Pierce Brosnan";"B";"Tom Cruise joue Ethan Hunt depuis 1996.";"Tom Cruise has played Ethan Hunt since 1996.";"OpenTDB"
558;Cinéma;2;"Dans 'Terminator' (1984), quel modèle est le Terminator joué par Schwarzenegger ?";"In the 1984 movie 'The Terminator', what model number is the Terminator portrayed by Arnold Schwarzenegger?";"A) I-950 | B) T-800 | C) T-888 | D) T-1000";"A) I-950 | B) T-800 | C) T-888 | D) T-1000";"B";"Le Terminator original est un T-800 modèle 101.";"The original Terminator is a T-800 Model 101.";"OpenTDB"
559;Cinéma;1;"Daniel Radcliffe est devenu célèbre grâce à quelle franchise ?";"Daniel Radcliffe became a global star due to his performance in which film franchise?";"A) Ted | B) Harry Potter | C) Spy Kids | D) Pirates des Caraïbes";"A) Ted | B) Harry Potter | C) Spy Kids | D) Pirates of the Caribbean";"B";"Daniel Radcliffe a joué Harry Potter de 2001 à 2011.";"Daniel Radcliffe played Harry Potter from 2001 to 2011.";"OpenTDB"
560;Cinéma;2;"En quelle année le film 'Titanic' de James Cameron est-il sorti ?";"What year did the James Cameron film 'Titanic' come out in theaters?";"A) 1996 | B) 1997 | C) 1998 | D) 1999";"A) 1996 | B) 1997 | C) 1998 | D) 1999";"B";"Titanic est sorti en 1997 et a remporté 11 Oscars.";"Titanic was released in 1997 and won 11 Oscars.";"OpenTDB"
561;Cinéma;3;"Que représentait la première image animée de l'histoire ?";"What did the first moving picture depict?";"A) Une femme en robe | B) Un cheval au galop | C) Un homme marchant | D) Un feu crépitant";"A) A woman in a dress | B) A galloping horse | C) A man walking | D) A crackling fire";"B";"Eadweard Muybridge a photographié un cheval au galop en 1878.";"Eadweard Muybridge photographed a galloping horse in 1878.";"OpenTDB"
858;Cinema;1;"Qui joue Jack Burton dans le film ""Big Trouble in Little China"" ?";"Who plays Jack Burton in the movie ""Big Trouble in Little China""?";"A) John Cusack | B) Patrick Swayze | C) Harrison Ford | D) Kurt Russell";"A) John Cusack | B) Patrick Swayze | C) Harrison Ford | D) Kurt Russell";D;"";"";"OpenTDB"
859;Cinema;1;"Quel est le nom de l'île sur laquelle est construit Jurassic Park ?";"What is the name of the island that Jurassic Park is built on?";"A) Isla Pena | B) Isla Muerta | C) Isla Nublar | D) Isla Sorna";"A) Isla Pena | B) Isla Muerta | C) Isla Nublar | D) Isla Sorna";C;"";"";"OpenTDB"
860;Cinema;2;"Quel comédien de stand-up a doublé le perroquet Iago dans Aladdin de Disney (1992) ?";"Which stand-up comedian voiced the parrot Iago in Disney's 1992 Aladdin?";"A) Robin Williams | B) Jonathan Freeman | C) Pauly Shore | D) Gilbert Gottfried";"A) Robin Williams | B) Jonathan Freeman | C) Pauly Shore | D) Gilbert Gottfried";D;"";"";"OpenTDB"
861;Cinema;1;"Dans Spaceballs, que les Spaceballs tentent-ils de voler à la planète Druidia ?";"In Spaceballs, what are the Spaceballs attempting to steal from Planet Druidia?";"A) Le Schwartz | B) La princesse Lonestar | C) De l'air | D) Des boulettes";"A) The Schwartz | B) Princess Lonestar | C) Air | D) Meatballs";C;"";"";"OpenTDB"
862;Cinema;1;"Qui a réalisé le film La Forme de l'eau (2017) ?";"Who directed the 2017 movie The Shape of Water?";"A) Steven Spielberg | B) James Cameron | C) Martin Scorsese | D) Guillermo del Toro";"A) Steven Spielberg | B) James Cameron | C) Martin Scorsese | D) Guillermo del Toro";D;"";"";"OpenTDB"
863;Cinema;2;"Dans John Wick, pourquoi le personnage sort-il de sa retraite ?";"In John Wick, why does John Wick get out of retirement?";"A) Il reçoit un coup de poing | B) Il a besoin d'argent | C) Il se fait braquer | D) Son chiot est tué et sa voiture est volée";"A) He was punched in the face | B) He needed money | C) He got mugged | D) His puppy is killed and his car was stolen";D;"";"";"OpenTDB"
864;Cinema;3;"Dans Taxi Driver (1976), combien de pistolets Travis achète-t-il au vendeur ?";"In the 1976 film Taxi Driver, how many guns did Travis buy from the salesman?";"A) 6 | B) 2 | C) 4 | D) 1";"A) 6 | B) 2 | C) 4 | D) 1";C;"";"";"OpenTDB"
865;Cinema;3;"En quelle année Clint Eastwood joue-t-il l'inspecteur Harry Callahan dans Dirty Harry ?";"In what year did Clint Eastwood star as Inspector Harry Callahan in Dirty Harry?";"A) 1975 | B) 1969 | C) 1971 | D) 1983";"A) 1975 | B) 1969 | C) 1971 | D) 1983";C;"";"";"OpenTDB"
866;Cinema;2;"Quelle est la formulation correcte de ""Romanes Eunt Domus"" dans La Vie de Brian des Monty Python ?";"What is the correct phrase for ""Romanes Eunt Domus"" in Monty Python's Life of Brian?";"A) Romani Ite Domum | B) Roxani Ite Domum | C) Romans Go Home | D) Tomate Ite Domum";"A) Romani Ite Domum | B) Roxani Ite Domum | C) Romans Go Home | D) Tomate Ite Domum";A;"";"";"OpenTDB"
867;Cinema;2;"Quel quarterback américain retraité joue son propre rôle dans Ace Ventura et Little Nicky ?";"Which retired American football quarterback played himself in Ace Ventura and Little Nicky?";"A) Tom Brady | B) Joe Montana | C) Dan Marino | D) John Elway";"A) Tom Brady | B) Joe Montana | C) Dan Marino | D) John Elway";C;"";"";"OpenTDB"
"1147";"Cinéma";"2";"Qui a prêté sa voix au personnage Draco dans le film DragonHeart (1996) ?";"Who voiced the character Draco in the 1996 movie 'DragonHeart'?";"Sean Connery|Dennis Quaid|Pete Postlethwaite|Brian Thompson";"Sean Connery|Dennis Quaid|Pete Postlethwaite|Brian Thompson";"A";"";"";"OpenTDB"
"1148";"Cinéma";"2";"Quel est le nom du personnage joué par Nicolas Cage dans le film ""National Treasure"" ?";"What is the name of the character Nicolas Cage plays in the movie ""National Treasure?""";"Benjamin Franklin Gates|George Washington Swanson|Thomas Jefferson Walker|John Quincy Beckett";"Benjamin Franklin Gates|George Washington Swanson|Thomas Jefferson Walker|John Quincy Beckett";"A";"";"";"OpenTDB"
"1149";"Cinéma";"2";"Dans la série Vendredi 13, quel est le prénom de la mère de Jason ?";"In the Friday The 13th series, what is Jason's mother's first name?";"Angeline|Pamela|Mary|Christine";"Angeline|Pamela|Mary|Christine";"B";"";"";"OpenTDB"
"1150";"Cinéma";"2";"Dans ""Retour vers le futur"", à quelle vitesse la DeLorean du Docteur Brown doit-elle rouler pour voyager dans le temps ?";"In the movie ""Back to the Future,"" what speed does Doc Brown's DeLorean need to reach to travel through time?";"77 mph|70 mph|100 mph|88 mph";"77 mph|70 mph|100 mph|88 mph";"D";"";"";"OpenTDB"
"1151";"Cinéma";"2";"Dans Mulan (1998), qui est le chef des Huns ?";"In Mulan (1998), who is the leader of the Huns?";"Fa Zhou|Li Shang|Shan Yu|Chien-Po";"Fa Zhou|Li Shang|Shan Yu|Chien-Po";"C";"";"";"OpenTDB"
"1152";"Cinéma";"3";"Dans ""Harry Potter et l'Ordre du Phénix"", pourquoi le cri de Harry après la mort de Sirius Black a-t-il été supprimé ?";"In ""Harry Potter and the Order of The Phoenix"", why was Harry Potter's scream, after Sirius Black died, muted?";"Trop douloureux à entendre|Trop violent|Trop fort|Trop brutal";"Too Agonizing|Too Violent|Too Loud|Too Harsh";"A";"";"";"OpenTDB"
"1153";"Cinéma";"3";"Dans Big Hero 6, sur quoi les mouvements de Baymax ont-ils été modélisés ?";"In Big Hero 6, what were Baymax's motions modeled after?";"Des bébés pingouins|Des bébés autruches|Des bébés singes|Des bébés ours";"Baby penguins|Baby ostriches|Baby monkeys|Baby bears";"A";"";"";"OpenTDB"
"1154";"Cinéma";"2";"Quelle star a joué dans ""Top Gun"", ""Jerry Maguire"" et ""Né le 4 juillet"" ?";"Which star actor was in ""Top Gun"", ""Jerry Maguire"" and ""Born on the Fourth of July""?";"John Travolta|George Clooney|Tom Cruise|Kelly McGillis";"John Travolta|George Clooney|Tom Cruise|Kelly McGillis";"C";"";"";"OpenTDB"
"1155";"Cinéma";"1";"Dans ""Blade Runner"", quel terme désigne les androïdes à apparence humaine ?";"In the movie ""Blade Runner"", what is the term used for human-like androids?";"Cylons|Skinjobs|Synthétiques|Réplicants";"Cylons|Skinjobs|Synthetics|Replicants";"D";"";"";"OpenTDB"
"1156";"Cinéma";"1";"Dans Avengers: Infinity War, où se trouvait la Pierre de l'Âme ?";"In Avengers: Infinity War, where was the Soul Stone located?";"Knowhere|Vormir|Asgard|Xandar";"Knowhere|Vormir|Asgard|Xandar";"B";"";"";"OpenTDB"
"1157";"Cinéma";"3";"En 2012, quel film a raflé toutes les catégories des 32e Razzie Awards ?";"In 2012, which movie won every category in the 32nd ""Golden Raspberry Awards""?";"Jack and Jill|Thor|The King's Speech|The Girl with the Dragon Tattoo";"Jack and Jill|Thor|The King's Speech|The Girl with the Dragon Tattoo";"A";"";"";"OpenTDB"
"1158";"Cinéma";"1";"Dans le film ""Le Lorax"" (2012), qui est l'antagoniste ?";"In the 2012 film ""The Lorax"", who is the antagonist?";"Grammy Norma|The Once-Ler|Aloysius O'Hare|Ted Wiggins";"Grammy Norma|The Once-Ler|Aloysius O'Hare|Ted Wiggins";"C";"";"";"OpenTDB"
"1159";"Cinéma";"1";"Qui joue le marshal adjoint Samuel Gerard dans ""Le Fugitif"" (1993) ?";"Who played Deputy Marshal Samuel Gerard in the 1993 film ""The Fugitive""?";"Harrison Ford|Martin Landau|Tommy Lee Jones|Harvey Keitel";"Harrison Ford|Martin Landau|Tommy Lee Jones|Harvey Keitel";"C";"";"";"OpenTDB"
"1160";"Cinéma";"2";"Quel artiste musical tient un rôle important dans ""Kingsman : Le Cercle d'or"" (2017) ?";"Which musical artist had a prominent role in the 2017 film ""Kingsman: The Golden Circle""?";"Lady Gaga|Elton John|Rihanna|Justin Bieber";"Lady Gaga|Elton John|Rihanna|Justin Bieber";"B";"";"";"OpenTDB"
"1161";"Cinéma";"1";"Ce film contient la réplique : ""I feel the need... the need for speed!""";"This movie contains the quote, ""I feel the need ... the need for speed!""";"Jours de tonnerre|La Couleur de l'argent|Top Gun|Cocktail";"Days of Thunder|The Color of Money|Top Gun|Cocktail";"C";"";"";"OpenTDB"
"1162";"Cinéma";"2";"Quel comique a prêté sa voix au perroquet Iago dans Aladdin (1992) ?";"Which stand-up comedian voiced the talking parrot ""Iago"" in Disney's 1992 Aladdin?";"Jonathan Freeman|Gilbert Gottfried|Pauly Shore|Robin Williams";"Jonathan Freeman|Gilbert Gottfried|Pauly Shore|Robin Williams";"B";"";"";"OpenTDB"
"1163";"Cinéma";"3";"Dans ""Zoulou"" (1964), quelle chanson la compagnie britannique chante-t-elle avant la bataille finale ?";"In the 1964 film ""Zulu"", what song does the British Army company sing before the final battle?";"Men of Harlech|Scotland the Brave|Colonel Bogey March|The British Grenadiers";"Men of Harlech|Scotland the Brave|Colonel Bogey March|The British Grenadiers";"A";"";"";"OpenTDB"
"1164";"Cinéma";"3";"Comment s'appelle la planète dans ""Aliens"" ?";"What was the name of the planet in ""Aliens""?";"Base Weyland Yutani Corporation|DI-621|FR-838|LV-426";"Weyland Yutani Corporation Base|DI-621|FR-838|LV-426";"D";"";"";"OpenTDB"
"1165";"Cinéma";"2";"Quel est le nom du robot dans le classique de science-fiction de 1951 ""Le Jour où la Terre s'arrêta"" ?";"What is the name of the robot in the 1951 sci-fi film 'The Day the Earth Stood Still'?";"Box|Colossus|Robby|Gort";"Box|Colossus|Robby|Gort";"D";"";"";"OpenTDB"
"1166";"Cinéma";"2";"Quel film de 1958 mettait Kirk Douglas et Tony Curtis dans les rôles de demi-frères Einar et Eric ?";"Which 1958 movie starred Kirk Douglas and Tony Curtis as half-brothers Einar and Eric?";"The Long Ships|Les Vikings|Spartacus|Prince Valiant";"The Long Ships|The Vikings|Spartacus|Prince Valiant";"B";"";"";"OpenTDB"
"1167";"Cinéma";"2";"Quelle suite de film a fait mieux au box-office que le film original ?";"Which movie sequel had improved box office results compared to its original film?";"Speed 2|Son of the Mask|Sin City : J'ai tué pour elle|Toy Story 2";"Speed 2: Cruise Control|Son of the Mask|Sin City: A Dame to Kill For|Toy Story 2";"D";"";"";"OpenTDB"
"1168";"Cinéma";"2";"En quelle année est sorti le film ""Napoleon Dynamite"" ?";"What year did the movie ""Napoleon Dynamite"" come out?";"2002|2003|2005|2004";"2002|2003|2005|2004";"D";"";"";"OpenTDB"
"1169";"Cinéma";"2";"Quelle ville le monstre attaque-t-il dans ""Cloverfield"" ?";"What city did the monster attack in the film ""Cloverfield""?";"Orlando|New York|Chicago|Las Vegas";"Orlando|New York, New York|Chicago|Las Vegas";"B";"";"";"OpenTDB"
"1170";"Cinéma";"1";"Où se déroule le film original ""Vendredi 13"" ?";"Where does the original Friday The 13th movie take place?";"Packanack|Camp Crystal Lake|Camp Forest Green|Higgins Haven";"Packanack|Camp Crystal Lake|Camp Forest Green|Higgins Haven";"B";"";"";"OpenTDB"
"1171";"Cinéma";"2";"Quel est le nom de famille de Lilo dans ""Lilo et Stitch"" ?";"What is Lilo's last name from Lilo and Stitch?";"Kuʻulei|Anoaʻi|Pelekai|Kealoha";"Kuʻulei|Anoaʻi|Pelekai|Kealoha";"C";"";"";"OpenTDB"
"1172";"Cinéma";"3";"Qu'Alfred Hitchcock utilisait-il comme sang dans ""Psychose"" ?";"What did Alfred Hitchcock use as blood in the film ""Psycho""?";"Du ketchup|Du sirop d'érable|Du sirop de chocolat|Du colorant rouge";"Ketchup|Maple syrup|Chocolate syrup|Red food coloring";"C";"";"";"OpenTDB"
"1173";"Cinéma";"2";"Dans quel film Johnny Depp a-t-il fait ses débuts au cinéma ?";"Johnny Depp made his big-screen acting debut in which film?";"My Bloody Valentine|Vendredi 13|Halloween|Freddy (Les Griffes de la nuit)";"My Bloody Valentine|Friday the 13th|Halloween|A Nightmare on Elm Street";"D";"";"";"OpenTDB"
"1174";"Cinéma";"2";"Ce trope désigne des personnages secondaires tués pour montrer comment un monstre fonctionne.";"This trope refers to minor characters killed off to show how a monster works.";"Expendables|Red Shirt|Minions|Chair à canon";"Expendables|Red Shirt|Minions|Cannon Fodder";"B";"";"";"OpenTDB"
"1175";"Cinéma";"2";"Quelle est l'orthographe correcte du protagoniste de ""L'Histoire sans fin"" (1984) ?";"What is the correct spelling of the protagonist of the book in The NeverEnding Story (1984)?";"Atreyu|Atraiyu|Atraeyu|Atrayu";"Atreyu|Atraiyu|Atraeyu|Atrayu";"A";"";"";"OpenTDB"
"1176";"Cinéma";"2";"Dans ""Jurassic World"", quelle société rachète InGen et crée Jurassic World ?";"In ""Jurassic World"", which company purchases InGen and creates Jurassic World?";"Biology Synthetics Technologies|Masrani Global Corporation|International Genetics Incorporated|International Genetic Technologies";"Biology Synthetics Technologies|Masrani Global Corporation|International Genetics Incorporated|International Genetic Technologies";"B";"";"";"OpenTDB"
"1177";"Cinéma";"1";"Daniel Radcliffe est devenu une star mondiale grâce à quelle franchise de films ?";"Daniel Radcliffe became a global star due to his performance in which film franchise?";"Spy Kids|Harry Potter|Ted|Pirates des Caraïbes";"Spy Kids|Harry Potter|Ted|Pirates of the Caribbean";"B";"";"";"OpenTDB"
"1178";"Cinéma";"2";"Pour quel film Leonardo Di Caprio a-t-il remporté son premier Oscar du meilleur acteur ?";"Leonardo Di Caprio won his first Best Actor Oscar for his performance in which film?";"Shutter Island|Le Loup de Wall Street|Inception|The Revenant";"Shutter Island|The Wolf Of Wall Street|Inception|The Revenant";"D";"";"";"OpenTDB"
"1179";"Cinéma";"2";"Dans ""Le Magicien d'Oz"" (1939), une substance faisait changer de couleur à un cheval. Laquelle ?";"The 1939 ""Wizard of Oz"" contained a horse that changed color — what material achieved this effect?";"Peinture|Effet CGI|Teinture|Gélatine";"Paint|CGI Effect|Dye|Gelatin";"D";"";"";"OpenTDB"
"1180";"Cinéma";"2";"Qui a réalisé ""Le Silence des agneaux"" (1991) ?";"Who is the director of the 1991 film ""Silence of the Lambs""?";"Stanley Kubrick|Jonathan Demme|Frank Darabont|Michael Bay";"Stanley Kubrick|Jonathan Demme|Frank Darabont|Michael Bay";"B";"";"";"OpenTDB"
"1181";"Cinéma";"3";"Quel est le nom du supercalculateur dans ""Jurassic Park"" (1993) ?";"What is the name of the supercomputer in ""Jurassic Park"" (1993)?";"Thinking Machines CM-5|IBM Blue Gene/Q|Cray X-MP|Cray XK7";"Thinking Machines CM-5|IBM Blue Gene/Q|Cray X-MP|Cray XK7";"A";"";"";"OpenTDB"
"1182";"Cinéma";"2";"Dans le reboot de ""Freddy"" (2010), qui joue Freddy Krueger ?";"In the 2010 Nightmare on Elm Street reboot, who played Freddy Kruger?";"Derek Mears|Gunnar Hansen|Tyler Mane|Jackie Earle Haley";"Derek Mears|Gunnar Hansen|Tyler Mane|Jackie Earle Haley";"D";"";"";"OpenTDB"
"1183";"Cinéma";"1";"Dans ""Spaceballs"", que les Spaceballs tentent-ils de voler à la planète Druidia ?";"In ""Spaceballs"", what are the Spaceballs attempting to steal from Planet Druidia?";"Des boulettes de viande|Le Schwartz|L'air|La princesse Lonestar";"Meatballs|The Schwartz|Air|Princess Lonestar";"C";"";"";"OpenTDB"
"1184";"Cinéma";"1";"Quel super-héros a été interprété par Michael Keaton, Val Kilmer, George Clooney et Christian Bale ?";"What superhero has been played by Michael Keaton, Val Kilmer, George Clooney and Christian Bale?";"Spider-Man|Superman|Batman|Iron Man";"Spiderman|Superman|Batman|Iron Man";"C";"";"";"OpenTDB"
"1185";"Cinéma";"2";"Qui prête sa voix à Blu dans le film d'animation ""Rio"" (2011) ?";"Who voices the main character Blu in the 2011 animated film ""Rio""?";"Zach Galifianakis|Jonah Hill|Michael Cera|Jesse Eisenberg";"Zach Galifianakis|Jonah Hill|Michael Cera|Jesse Eisenberg";"D";"";"";"OpenTDB"
"1186";"Cinéma";"2";"Quelle est la marque et le modèle des véhicules de visite dans ""Jurassic Park"" (1993) ?";"What is the make and model of the tour vehicles in ""Jurassic Park"" (1993)?";"Ford Explorer XLT 1992|Jeep Wrangler YJ Sahar 1992|Toyota Land Cruiser 1992|Mercedes Classe M";"1992 Ford Explorer XLT|1992 Jeep Wrangler YJ Sahar|1992 Toyota Land Cruiser|Mercedes M-Class";"A";"";"";"OpenTDB"
"1187";"Cinéma";"1";"Qui joue Ethan Hunt dans la série de films ""Mission : Impossible"" ?";"Who plays protagonist Ethan Hunt in the ""Mission: Impossible"" film-series?";"Pierce Brosnan|Tom Cruise|Sean Connery|Johnny Depp";"Pierce Brosnan|Tom Cruise|Sean Connery|Johnny Depp";"B";"";"";"OpenTDB"
"1188";"Cinéma";"2";"Qui a composé la bande originale du premier Blade Runner ?";"Who did the score to the original Blade Runner?";"Enya|Kitaro|Vangelis|Yanni";"Enya|Kitaro|Vangelis|Yanni";"C";"";"";"OpenTDB"
"1189";"Cinéma";"2";"Dans ""Charlie et la chocolaterie"" (1971), qui joue Willy Wonka ?";"In ""Willy Wonka & the Chocolate Factory"" (1971), who played Willy Wonka?";"Gene Wilder|Peter Ostrum|Johnny Depp|Shia LaBeouf";"Gene Wilder|Peter Ostrum|Johnny Depp|Shia LeBouf";"A";"";"";"OpenTDB"
"1190";"Cinéma";"2";"Quel acteur joue l'antagoniste principal dans ""Tower Heist"" (2011) ?";"Which actor plays the main antagonist in the 2011 movie ""Tower Heist""?";"Alan Alda|Alec Baldwin|Kevin Nealon|Eddie Murphy";"Alan Alda|Alec Baldwin|Kevin Nealon|Eddie Murphy";"A";"";"";"OpenTDB"
"1191";"Cinéma";"2";"Dans Tron : l'Héritage, Kevin Flynn a écrit un programme pour créer le système parfait. Quel est son nom ?";"In Tron: Legacy, Kevin Flynn wrote a program to create the perfect system. What was the program's name?";"Tron|MCP|Quorra|Clu";"Tron|MCP|Quorra|Clu";"D";"";"";"OpenTDB"
"1192";"Cinéma";"1";"Dans ""Mean Girls"", qui a des seins capables de prédire la pluie ?";"In ""Mean Girls"", who has breasts that tell when it's raining?";"Cady Heron|Janice Ian|Gretchen Weiners|Karen Smith";"Cady Heron|Janice Ian|Gretchen Weiners|Karen Smith";"D";"";"";"OpenTDB"
"1193";"Cinéma";"2";"Quelle chanson de Queen joue lors de la scène de combat finale de ""Hardcore Henry"" ?";"What Queen song plays during the final fight scene of ""Hardcore Henry""?";"Another One Bites the Dust|We Will Rock You|Brighton Rock|Don't Stop Me Now";"Another One Bites the Dust|We Will Rock You|Brighton Rock|Don't Stop Me Now";"D";"";"";"OpenTDB"
"1194";"Cinéma";"1";"Lequel de ces films ne se déroule PAS à Los Angeles ?";"Which of these films is NOT set in Los Angeles?";"Predator 2|Terminator|RoboCop|Blade Runner";"Predator 2|The Terminator|RoboCop|Blade Runner";"C";"";"";"OpenTDB"
"1195";"Cinéma";"2";"Comment s'appelait le chien qui jouait Toto dans ""Le Magicien d'Oz"" (1939) ?";"What is the name of the dog that played Toto in the 1939 ""Wizard of Oz""?";"Teddy|Toto|Terry|Tommy";"Teddy|Toto|Terry|Tommy";"C";"";"";"OpenTDB"
"1196";"Cinéma";"3";"Quel fut le premier film d'Alfred Hitchcock tourné en couleur ?";"Which was the first of Alfred Hitchcock's movies filmed in colour?";"Rebecca|La Corde|Psychose|Sueurs froides";"Rebecca|Rope|Psycho|Vertigo";"B";"";"";"OpenTDB"
"1197";"Cinéma";"1";"Lequel de ces acteurs n'a joué qu'une seule fois dans un film de Tarantino ?";"Which of the following actors has only been in a Tarantino film once?";"Christoph Waltz|Harvey Keitel|John Travolta|Samuel L. Jackson";"Christoph Waltz|Harvey Keitel|John Travolta|Samuel L. Jackson";"C";"";"";"OpenTDB"
"1198";"Cinéma";"2";"Quel chanteur célèbre Kevin Spacey incarne-t-il dans le film ""Beyond the Sea"" (2004) ?";"Which famous singer was portrayed by Kevin Spacey in the 2004 film ""Beyond the Sea""?";"Dean Martin|Frank Sinatra|Bobby Darin|Louis Armstrong";"Dean Martin|Frank Sinatra|Bobby Darin|Louis Armstrong";"C";"";"";"OpenTDB"
"1199";"Cinéma";"2";"Quel film d'animation Steven Lisberger a-t-il réalisé en 1980 avant Tron ?";"Which animated film did Steven Lisberger direct in 1980 before Tron?";"Animalympics|Taram et le Chaudron Magique|Rox et Rouky|Basil, détective privé";"Animalympics|The Black Cauldron|The Fox and the Hound|The Great Mouse Detective";"A";"";"";"OpenTDB"
"1201";"Cinéma";"3";"Quel est le nom de l'assassin dans le premier film ""Hellboy"" ?";"What is the name of the assassin in the first ""Hellboy"" movie?";"Grigori Efimovich Rasputin|Klaus Werner von Krupt|Karl Ruprecht Kroenen|Ilsa Haupstein";"Grigori Efimovich Rasputin|Klaus Werner von Krupt|Karl Ruprecht Kroenen|Ilsa Haupstein";"C";"";"";"OpenTDB"
"1202";"Cinéma";"1";"Quelle célébrité a annoncé sa candidature à la présidence en 2015 ?";"Which celebrity announced his presidency in 2015?";"Kanye West|Leonardo DiCaprio|Donald Trump|Miley Cyrus";"Kanye West|Leonardo DiCaprio|Donald Trump|Miley Cyrus";"A";"";"";"OpenTDB"
"1203";"Cinéma";"2";"Nikki Diamond incarnait quel Gladiateur dans l'émission télévisée ""Gladiators"" (1992) ?";"Nikki Diamond portrayed which Gladiator in the 1992 TV show ""Gladiators""?";"Falcon|Nightshade|Jet|Scorpio";"Falcon|Nightshade|Jet|Scorpio";"D";"";"";"OpenTDB"
"1204";"Cinéma";"3";"En quelle année Gabe Newell est-il né ?";"Gabe Newell was born in which year?";"1960|1970|1972|1962";"1960|1970|1972|1962";"D";"";"";"OpenTDB"
"1205";"Cinéma";"3";"Quelle était la religion de Freddie Mercury ?";"What was the religion of Freddie Mercury?";"Paganisme|Zoroastrisme|Ashurisme|Judaïsme";"Paganism|Zoroastrianism|Ashurism|Judaism";"B";"";"";"OpenTDB"
"1206";"Cinéma";"2";"Combien de kilos Chris Pratt a-t-il perdu pour son rôle de Star-Lord dans ""Les Gardiens de la Galaxie"" ?";"How much weight did Chris Pratt lose for his role as Star-Lord in ""Guardians of the Galaxy""?";"~14 kg (30 lbs)|~23 kg (50 lbs)|~32 kg (70 lbs)|~27 kg (60 lbs)";"30 lbs|50 lbs|70 lbs|60 lbs";"D";"";"";"OpenTDB"
"1207";"Cinéma";"2";"Laquelle de ces célébrités n'était PAS membre des Jackson 5 ?";"Which of these celebrities was not a member of the Jackson 5?";"Marlon Jackson|Jermaine Jackson|Tito Jackson|Bo Jackson";"Marlon Jackson|Jermaine Jackson|Tito Jackson|Bo Jackson";"D";"";"";"OpenTDB"
"1208";"Cinéma";"2";"Quand Elvis Presley est-il né ?";"When was Elvis Presley born?";"13 décembre 1931|8 janvier 1935|17 avril 1938|18 juillet 1940";"December 13, 1931|January 8, 1935|April 17, 1938|July 18, 1940";"B";"";"";"OpenTDB"
"1209";"Cinéma";"2";"S'il était encore en vie, en quelle année Elvis Presley fêterait-il son 100e anniversaire ?";"If he was still alive, in what year would Elvis Presley celebrate his 100th birthday?";"2030|2045|2040|2035";"2030|2045|2040|2035";"D";"";"";"OpenTDB"
"1210";"Cinéma";"2";"Sous quel nom Doug Walker est-il connu sur YouTube ?";"What is Doug Walker's YouTube name?";"The Cinema Snob|The Angry Video Game Nerd|The Nostalgia Critic|AngryJoeShow";"The Cinema Snob|The Angry Video Game Nerd|The Nostalgia Critic|AngryJoeShow";"C";"";"";"OpenTDB"
"1211";"Cinéma";"2";"Laquelle de ces personnes ne fait PAS partie du groupe comique Mega64 ?";"Which of these people is NOT part of the Internet comedy group Mega64?";"Derrick Acosta|Shawn Chatfield|Rocco Botte|Jon Jafari";"Derrick Acosta|Shawn Chatfield|Rocco Botte|Jon Jafari";"D";"";"";"OpenTDB"
"1212";"Cinéma";"2";"Quelle actrice se nommait en réalité Frances Ethel Gumm ?";"Which actress's real name was Frances Ethel Gumm?";"Judy Garland|Doris Day|Julie Andrews|Marilyn Monroe";"Judy Garland|Doris Day|Julie Andrews|Marilyn Monroe";"A";"";"";"OpenTDB"
"1213";"Cinéma";"2";"En 2014, ce rappeur ayant figuré dans ""Computers"" et ""Body Dance"" a été arrêté pour meurtre.";"In 2014, this rapper who featured in ""Computers"" and ""Body Dance"" was arrested for murder.";"Bobby Shmurda|Young Thug|DJ Snake|Swae Lee";"Bobby Shmurda|Young Thug|DJ Snake|Swae Lee";"A";"";"";"OpenTDB"
"1214";"Cinéma";"2";"Paul McCartney a toujours utilisé son deuxième prénom. Quel est son vrai premier prénom ?";"Paul McCartney has always used his middle name. What is his real first name?";"Justin|James|John|Jack";"Justin|James|John|Jack";"B";"";"";"OpenTDB"
"1215";"Cinéma";"3";"Dans quelle école du Surrey (Angleterre) Steve Backshall a-t-il étudié ?";"Which school in Surrey, England did Steve Backshall attend?";"Kings International College|Lyndhurst School|Collingwood College|Tomlinscote School";"Kings International College|Lyndhurst School|Collingwood College|Tomlinscote School";"C";"";"";"OpenTDB"
"1216";"Cinéma";"3";"Qui était la première femme de Donald Trump ?";"Who was Donald Trump's first wife?";"Ivana Zelníčková|Marla Maples|Nancy Davis|Melania Knauss";"Ivana Zelníčková|Marla Maples|Nancy Davis|Melania Knauss";"A";"";"";"OpenTDB"
"1217";"Cinéma";"2";"Quelle personnalité radio se surnomme ""The King of All Media"" ?";"Which radio personality calls himself ""The King of All Media""?";"Howard Stern|Ryan Seacrest|Rush Limbaugh|Pete Tong";"Howard Stern|Ryan Seacrest|Rush Limbaugh|Pete Tong";"A";"";"";"OpenTDB"
"1218";"Cinéma";"2";"En quelle année O.J. Simpson a-t-il été acquitté de ses accusations de meurtre ?";"What year was O.J. Simpson acquitted of his murder charges?";"1995|1996|1992|1991";"1995|1996|1992|1991";"A";"";"";"OpenTDB"
"1219";"Cinéma";"2";"Sous quel pseudonyme James Rolfe est-il connu ?";"Who is ""James Rolfe"" better known as?";"The Angry Video Game Nerd|PeanutButterGamer|PewDiePie|TotalBiscuit";"The Angry Video Game Nerd|PeanutButterGamer|PewDiePie|TotalBiscuit";"A";"";"";"OpenTDB"
"1220";"Cinéma";"2";"Avant de doubler Pearl dans Steven Universe, Deedee Magno Hall faisait partie de quel groupe américain ?";"Before voicing Pearl in Steven Universe, Deedee Magno Hall was part of which American band?";"The Pussycat Dolls|The Party|The Weather Girls|The Cheetah Girls";"The Pussycat Dolls|The Party|The Weather Girls|The Cheetah Girls";"B";"";"";"OpenTDB"
"1221";"Cinéma";"2";"Quel célèbre joueur des New York Yankees Marilyn Monroe a-t-elle épousé ?";"Which famous New York Yankees outfielder did Marilyn Monroe marry?";"Mason Williams|Tino Martinez|Joe DiMaggio|Babe Ruth";"Mason Williams|Tino Martinez|Joe DiMaggio|Babe Ruth";"C";"";"";"OpenTDB"
"1222";"Cinéma";"1";"Quel comédien interprète le personnage Neil Hamburger ?";"Neil Hamburger is played by which comedian?";"Todd Glass|Gregg Turkington|Tim Heidecker|Nathan Fielder";"Todd Glass|Gregg Turkington|Tim Heidecker|Nathan Fielder";"B";"";"";"OpenTDB"
"1223";"Cinéma";"1";"Quelle actrice a épousé Michael Douglas en 2000 ?";"Which actress married Michael Douglas in 2000?";"Sara Sugarman|Ruth Jones|Pam Ferris|Catherine Zeta-Jones";"Sara Sugarman|Ruth Jones|Pam Ferris|Catherine Zeta-Jones";"D";"";"";"OpenTDB"
"1224";"Cinéma";"1";"Gwyneth Paltrow a une fille prénommée... ?";"Gwyneth Paltrow has a daughter named...?";"Dakota|Apple|French|Lily";"Dakota|Apple|French|Lily";"B";"";"";"OpenTDB"
"1225";"Cinéma";"1";"Quelle est la cause officielle de la mort de Marilyn Monroe ?";"What was the cause of Marilyn Monroe's death?";"Incendie domestique|Attaque au couteau|Overdose médicamenteuse|Coup de feu";"House Fire|Knife Attack|Drug Overdose|Gunshot";"C";"";"";"OpenTDB"
"1226";"Cinéma";"1";"Aubrey Graham est mieux connu sous le nom de";"Aubrey Graham is better known as";"2 Chainz|Travis Scott|Lil Wayne|Drake";"2 Chainz|Travis Scott|Lil Wayne|Drake";"D";"";"";"OpenTDB"
"1227";"Cinéma";"2";"Quel est le vrai nom de ""moot"", fondateur du forum 4chan ?";"What is the real name of ""moot"", founder of the imageboard 4chan?";"Catie Wayne|Christopher Poole|Allison Harvard|Mark Zuckerberg";"Catie Wayne|Christopher Poole|Allison Harvard|Mark Zuckerberg";"B";"";"";"OpenTDB"
"1228";"Cinéma";"3";"L'excentrique astronome Tycho Brahé gardait quel animal de compagnie ?";"The eccentric natural philosopher Tycho Brahe kept what as a pet?";"Un chien|Une chèvre|Un ours|Un orignal (élan)";"Dog|Goat|Bear|Moose";"D";"";"";"OpenTDB"
"1229";"Cinéma";"2";"Quelle célébrité américaine est morte en 1977 en jouant au golf à La Moraleja, Madrid ?";"Which American celebrity died in 1977 playing golf in La Moraleja, Madrid?";"Bing Crosby|Elvis Presley|Charlie Chaplin|Groucho Marx";"Bing Crosby|Elvis Presley|Charlie Chaplin|Groucho Marx";"A";"";"";"OpenTDB"
"1230";"Cinéma";"2";"Qu'est-ce qui a poussé Jake Lloyd (Anakin Skywalker dans La Menace fantôme) à arrêter d'acteur ?";"What caused Jake Lloyd (Anakin Skywalker in The Phantom Menace) to quit acting?";"Harcèlement scolaire|Casier judiciaire|Nomination au Razzie Award|Racisme";"Bullying|Criminal Record|Nomination for Worst Actor|Racism";"A";"";"";"OpenTDB"
"1231";"Cinéma";"3";"Quelle est la taille de Tom Cruise ?";"How tall is Tom Cruise?";"1,63 m (5′ 4″)|1,65 m (5′ 5″)|1,70 m (5′ 7″)|1,75 m (5′ 9″)";"5′ 4″|5′ 5″|5′ 7″|5′ 9″";"C";"";"";"OpenTDB"
"1232";"Cinéma";"1";"Quelle est l'identité secrète de Superman dans les comics DC ?";"What is the alter-ego of the DC comics character ""Superman""?";"Arthur Curry|Clark Kent|John Jones|Bruce Wayne";"Arthur Curry|Clark Kent|John Jones|Bruce Wayne";"B";"";"";"OpenTDB"
"1233";"Cinéma";"1";"Quelle est la véritable identité de Batman ?";"Who is Batman?";"Bruce Wayne|Tony Stark|Clark Kent|Barry Allen";"Bruce Wayne|Tony Stark|Clark Kent|Barry Allen";"A";"";"";"OpenTDB"
"1234";"Cinéma";"3";"Dans quelle mise à jour de Homestuck le segment [S] Game Over a-t-il été publié ?";"In what Homestuck update was [S] Game Over released?";"25 octobre 2014|8 avril 2012|28 août 2003|13 avril 2009";"October 25th, 2014|April 8th, 2012|August 28th, 2003|April 13th, 2009";"A";"";"";"OpenTDB"
"1235";"Cinéma";"3";"Quelles sont les Trois Vertus de Bionicle ?";"What are the Three Virtues of Bionicle?";"Construire, Jouer, Changer|Unité, Devoir, Destinée|Forger, Construire, Combattre|Travailler, Jouer, Vivre";"Build, Play, Change|Unity, Duty, Destiny|Forge, Build, Fight|Work, Play, Live";"B";"";"";"OpenTDB"
1236;Cinema;2;"Dans l'univers pré-Super Genesis du comic ""Sonic the Hedgehog"", quel est le nom du frère de Sally Acorn ?";"In Pre-Super Genesis universe of ""Sonic the Hedgehog"" comic, what was the name of Sally Acorn's brother?";"A) Elias Acorn | B) Frederick Acorn | C) Alexis Acorn | D) Maximillian Acorn";"A) Elias Acorn | B) Frederick Acorn | C) Alexis Acorn | D) Maximillian Acorn";A;"";"";"OpenTDB"
1237;Cinema;2;"Quel acolyte de Batman est le fils de Talia al Ghul ?";"Which Batman sidekick is the son of Talia al Ghul?";"A) Damian Wayne | B) Jason Todd | C) Tim Drake | D) Dick Grayson";"A) Damian Wayne | B) Jason Todd | C) Tim Drake | D) Dick Grayson";A;"";"";"OpenTDB"
1238;Cinema;2;"Dans Calvin et Hobbes, quel est le prénom du petit ami de la baby-sitter ?";"In Calvin and Hobbes, what is the name of the babysitter's boyfriend?";"A) Dave | B) Charlie | C) Charles | D) Nathaniel";"A) Dave | B) Charlie | C) Charles | D) Nathaniel";B;"";"";"OpenTDB"
1239;Cinema;2;"Dans les comics Marvel, laquelle de ces pierres n'est PAS une pierre d'infinité ?";"In Marvel comics, which of the following is not one of the infinity stones?";"A) Temps | B) Pouvoir | C) Âme | D) Énergie";"A) Time | B) Power | C) Soul | D) Energy";D;"";"";"OpenTDB"
1240;Cinema;1;"Dans ""Homestuck"", qui est le tuteur de Dave Strider ?";"In ""Homestuck"" what is Dave Strider's guardian?";"A) Becquerel | B) Bro | C) Halley | D) Doc Scratch";"A) Becquerel | B) Bro | C) Halley | D) Doc Scratch";B;"";"";"OpenTDB"
1241;Cinema;3;"En quelle année est sorti le premier comic ""The Walking Dead"" ?";"In what year did the first ""The Walking Dead"" comic come out?";"A) 2006 | B) 2001 | C) 2003 | D) 1999";"A) 2006 | B) 2001 | C) 2003 | D) 1999";C;"";"";"OpenTDB"
1242;Cinema;3;"En quelle année s'est tenu le premier San Diego Comic-Con ?";"What year was the first San Diego Comic-Con?";"A) 1970 | B) 1985 | C) 1990 | D) 2000";"A) 1970 | B) 1985 | C) 1990 | D) 2000";A;"";"";"OpenTDB"
1243;Cinema;2;"Dans les comics, Wonder Woman n'a PAS eu de relation amoureuse avec lequel de ces super-héros ?";"Which of the following superheros did Wonder Woman NOT have a love interest in?";"A) Steve Trevor | B) Green Arrow | C) Batman | D) Superman";"A) Steve Trevor | B) Green Arrow | C) Batman | D) Superman";B;"";"";"OpenTDB"
1244;Cinema;2;"Dans les comics Sonic, quel personnage a pris le commandement de la Légion Noire après l'assassinat de Luger ?";"In the comics, which Sonic character took command of the Dark Legion after Luger's assassination?";"A) Remington | B) Kragok | C) Lien-Da | D) Dimitri";"A) Remington | B) Kragok | C) Lien-Da | D) Dimitri";C;"";"";"OpenTDB"
1245;Cinema;2;"Qui est la deuxième personne à endosser le manteau de Night Owl dans le roman graphique Watchmen ?";"Who is the second person to take up the mantle of Night Owl in the Watchmen graphic novel?";"A) Nelson Gardner | B) Daniel Dreiberg | C) Hollis Mason | D) Adrian Veidt";"A) Nelson Gardner | B) Daniel Dreiberg | C) Hollis Mason | D) Adrian Veidt";B;"";"";"OpenTDB"
1246;Cinema;1;"Selon leur surnom traditionnel, quel type de ""duo"" forment Batman et Robin ?";"According to their longtime nickname, what kind of ""duo"" are Batman & Robin?";"A) Dynamique | B) Dynastique | C) Délirant | D) Dangereux";"A) Dynamic | B) Dynastic | C) Delirious | D) Dangerous";A;"";"";"OpenTDB"
1247;Cinema;3;"Mieux connu sous le pseudonyme Logan, quel est le vrai nom de naissance de Wolverine ?";"Better known by his nickname Logan, what is Wolverine's birth name?";"A) James Howlett | B) Logan Wolf | C) Thomas Wilde | D) John Savage";"A) James Howlett | B) Logan Wolf | C) Thomas Wilde | D) John Savage";A;"";"";"OpenTDB"
1248;Cinema;2;"Quelle est la faiblesse des vampires américains (dans ""American Vampire"" de Scott Snyder) ?";"What's the weakness of american vampires (Scott Snyder's American Vampire)?";"A) L'argent | B) La lumière du soleil | C) Le bois | D) L'or";"A) Silver | B) Sunlight | C) Wood | D) Gold";D;"";"";"OpenTDB"
1249;Cinema;2;"Quelle désignation est donnée à l'Univers cinématographique Marvel ?";"What is the designation given to the Marvel Cinematic Universe?";"A) Terre-2008 | B) Terre-199999 | C) Terre-10005 | D) Terre-616";"A) Earth-2008 | B) Earth-199999 | C) Earth-10005 | D) Earth-616";B;"";"";"OpenTDB"
1250;Cinema;2;"Quel est le vrai nom d'Hellboy ?";"What is Hellboy's true name?";"A) La Main Droite du Destin | B) Azzael | C) Anung Un Rama | D) Ogdru Jahad";"A) Right Hand of Doom | B) Azzael | C) Anung Un Rama | D) Ogdru Jahad";C;"";"";"OpenTDB"
1251;Cinema;2;"Quel acolyte de ""Green Arrow"" porte habituellement une casquette de baseball ?";"Which ""Green Arrow"" sidekick commonly wears a baseball cap?";"A) Black Canary | B) Dick Grayson | C) Roy Harper | D) Emiko Queen";"A) Black Canary | B) Dick Grayson | C) Roy Harper | D) Emiko Queen";C;"";"";"OpenTDB"
1252;Cinema;3;"Dans l'univers Hellboy, quel était le nom de naissance d'Abe Sapien ?";"In the Hellboy universe, what was Abe Sapien's birth name?";"A) Landis Pope | B) Sir Edward Grey | C) Langdon Everett Caul | D) Lord Baltimore";"A) Landis Pope | B) Sir Edward Grey | C) Langdon Everett Caul | D) Lord Baltimore";C;"";"";"OpenTDB"
1253;Cinema;2;"Dans ""Black Hammer"", quelle dimension le Colonel Weird traverse-t-il ?";"In Black Hammer, what dimension does Colonel Weird travel through?";"A) Univers Miroir | B) Para-Zone | C) Zone Fantôme | D) Hyperespace";"A) Mirror Universe | B) Para-Zone | C) Phantom Zone | D) Hyperspace";B;"";"";"OpenTDB"
1254;Cinema;2;"Qui a inspiré le personnage du Professeur Tournesol dans la série Tintin ?";"Who was the inspiration for Cuthbert Calculus in the Tintin series?";"A) J. Cecil Maby | B) Jacques Piccard | C) Auguste Picard | D) Will Morris";"A) J. Cecil Maby | B) Jacques Piccard | C) Auguste Picard | D) Will Morris";C;"";"";"OpenTDB"
1255;Cinema;1;"Ce super-héros Marvel est souvent surnommé ""L'homme sans peur"".";"This Marvel superhero is often called ""The man without fear"".";"A) Wolverine | B) Hulk | C) Daredevil | D) Thor";"A) Wolverine | B) Hulk | C) Daredevil | D) Thor";C;"";"";"OpenTDB"
1256;Cinema;3;"Quels sont les noms des deux ""canon fan trolls"" dans ""Homestuck"" ?";"What are the names of the two ""Canon fan trolls"" in ""Homestuck""?";"A) Aikter Frekik et Xagrai Ollomu | B) The Wrycrown et Voksea Olkido | C) Grekei Ceknux et Riya Camacho | D) Mierfa Durgas et Nektan Whelan";"A) Aikter Frekik and Xagrai Ollomu | B) The Wrycrown and Voksea Olkido | C) Grekei Ceknux and Riya Camacho | D) Mierfa Durgas and Nektan Whelan";D;"";"";"OpenTDB"
1257;Cinema;3;"Lequel de ces anneaux du ""Lantern Corps"" DC Comics est classé comme Parasitique ?";"Which of the following rings from DC Comics' ""Lantern Corps"" are classified as Parasitic?";"A) Indigo (Compassion) | B) Jaune (Peur) | C) Blanc (Vie) | D) Vert (Volonté)";"A) Indigo (Compassion) | B) Yellow (Fear) | C) White (Life) | D) Green (Willpower)";A;"";"";"OpenTDB"
1258;Cinema;3;"En quelle année le comic Garfield a-t-il été publié pour la première fois ?";"When was the Garfield comic first published?";"A) 1973 | B) 1988 | C) 1982 | D) 1978";"A) 1973 | B) 1988 | C) 1982 | D) 1978";D;"";"";"OpenTDB"
1259;Cinema;2;"Quel est le nom de famille du personnage Gamzee dans Homestuck ?";"What is Homestuck character Gamzee's last name?";"A) Makera | B) Makara | C) Makrea | D) Makare";"A) Makera | B) Makara | C) Makrea | D) Makare";B;"";"";"OpenTDB"
1260;Cinema;3;"Dans le webcomic ""Ava's Demon"", sur quel péché le personnage ""Nevy Nervine"" est-il basé ?";"In the webcomic ""Ava's Demon"", what sin is ""Nevy Nervine"" based off of?";"A) Colère | B) Luxure | C) Envie | D) Paresse";"A) Wrath | B) Lust | C) Envy | D) Sloth";C;"";"";"OpenTDB"
1261;Cinema;2;"De quel monde Thor est-il originaire ?";"What otherworldly land does Thor come from?";"A) Sovengarde | B) Midgard | C) Jotunheim | D) Asgard";"A) Sovengarde | B) Midgard | C) Jotunheim | D) Asgard";D;"";"";"OpenTDB"
1262;Cinema;2;"Quel est le vrai nom de naissance de Michael Caine ?";"What is the birth name of Michael Caine?";"A) Morris Coleman | B) Martin Michaels | C) Carl Myers | D) Maurice Micklewhite";"A) Morris Coleman | B) Martin Michaels | C) Carl Myers | D) Maurice Micklewhite";D;"";"";"OpenTDB"
1263;Cinema;2;"Dans ""Retour vers le futur 2"", Marty et le Docteur Brown voyagent vers quelle date future ?";"In Back to the Future Part II, Marty and Dr. Emmett Brown go to which future date?";"A) 21 octobre 2015 | B) 20 juillet 2015 | C) 25 janvier 2015 | D) 28 août 2015";"A) October 21, 2015 | B) July 20, 2015 | C) January 25, 2015 | D) August 28, 2015";A;"";"";"OpenTDB"
1264;Cinema;2;"Qui joue Bruce Wayne dans ""The Dark Knight"" (2008) ?";"Who plays ""Bruce Wayne"" in the 2008 movie ""The Dark Knight""?";"A) Heath Ledger | B) Michael Caine | C) Christian Bale | D) Ron Dean";"A) Heath Ledger | B) Michael Caine | C) Christian Bale | D) Ron Dean";C;"";"";"OpenTDB"
1265;Cinema;1;"Quel nom Tom Hanks donne-t-il à son ballon de volley dans ""Seul au monde"" ?";"What name did Tom Hanks give to his volleyball companion in the film `Cast Away`?";"A) Wilson | B) Jones | C) Friday | D) Billy";"A) Wilson | B) Jones | C) Friday | D) Billy";A;"";"";"OpenTDB"
1266;Cinema;1;"Qui a réalisé le film ""Alien"" ?";"Who directed the movie ""Alien""?";"A) James Cameron | B) Ridley Scott | C) Christopher Nolan | D) Michael Bay";"A) James Cameron | B) Ridley Scott | C) Christopher Nolan | D) Michael Bay";B;"";"";"OpenTDB"
1267;Cinema;1;"Lequel de ces acteurs/actrices ne fait PAS partie du casting de ""Suicide Squad"" (2016) ?";"Which of these actors/actresses is NOT a part of the cast for the 2016 movie ""Suicide Squad""?";"A) Will Smith | B) Jared Leto | C) Scarlett Johansson | D) Margot Robbie";"A) Will Smith | B) Jared Leto | C) Scarlett Johansson | D) Margot Robbie";C;"";"";"OpenTDB"
1268;Cinema;1;"Dans ""Army of Darkness"" (1992), quel nom Ash donne-t-il à son fusil à double canon ?";"In the 1992 film ""Army of Darkness"", what name does Ash give to his double-barreled shotgun?";"A) Boomstick | B) Blastbranch | C) Bloomstick | D) 2-Pump Chump";"A) Boomstick | B) Blastbranch | C) Bloomstick | D) 2-Pump Chump";A;"";"";"OpenTDB"
1269;Cinema;2;"Velma Kelly et Roxie Hart sont les protagonistes de quel film oscarisé ?";"Velma Kelly and Roxie Hart are the protagonists of which Oscar winning movie?";"A) Dreamgirls | B) Chicago | C) Cabaret | D) Tout ça... pour ça !";"A) Dreamgirls | B) Chicago | C) Cabaret | D) All That Jazz";B;"";"";"OpenTDB"
1270;Cinema;1;"Quel film a été considéré par la critique comme le meilleur film de tous les temps ?";"Which film has been critically regarded as the best film of all time?";"A) Citizen Kane | B) Avatar | C) The Room | D) Le Parrain 2";"A) Citizen Kane | B) Avatar | C) The Room | D) The Godfather Part II";A;"";"";"OpenTDB"
1271;Cinema;1;"Quel est le nom du robot orange et blanc dans ""Star Wars : Le Réveil de la Force"" ?";"What is the orange and white bot's name in ""Star Wars: The Force Awakens""?";"A) BB-3 | B) BB-8 | C) AA-A | D) R2-D2";"A) BB-3 | B) BB-8 | C) AA-A | D) R2-D2";B;"";"";"OpenTDB"
1272;Cinema;2;"Dans ""Le Seigneur des Anneaux : Les Deux Tours"", où les orques emmènent-ils les hobbits ?";"In the Lord of the Rings: The Two Towers, where are the party of orcs taking the hobbits?";"A) Mordor | B) Fondcombe | C) La Moria | D) Isengard";"A) Mordor | B) Rivendell | C) Moria | D) Isengard";D;"";"";"OpenTDB"
1273;Cinema;3;"Quel boxeur était célèbre pour frapper le gong dans l'introduction des films J. Arthur Rank ?";"Which boxer was famous for striking the gong in the introduction to J. Arthur Rank films?";"A) Bombardier Billy Wells | B) Terry Spinks | C) Don Cockell | D) Freddie Mills";"A) Bombardier Billy Wells | B) Terry Spinks | C) Don Cockell | D) Freddie Mills";A;"";"";"OpenTDB"
1274;Cinema;1;"Quel film met en scène un grand esprit ressemblant à un lapin avec des pouvoirs magiques dont celui de faire pousser des arbres ?";"Which movie includes a giant bunny-like spirit who has magic powers including growing trees?";"A) Alice au pays des merveilles | B) Hop | C) Les Cinq Légendes | D) Mon voisin Totoro";"A) Alice in Wonderland | B) Hop | C) Rise of the Guardians | D) My Neighbor Totoro";D;"";"";"OpenTDB"
1275;Cinema;2;"La révélation de Dark Vador à Luke est mythique. Mais laquelle de ces versions est la bonne ?";"Darth Vader's famous reveal to Luke is iconic. But which of these is the right one?";"A) ""Tu as tort. Je suis ton père."" | B) ""Luke, je suis ton père."" | C) ""La vérité est que je suis ton père."" | D) ""Non. Je suis ton père.""";"A) ""You're wrong. I am your father."" | B) ""Luke, I am your father."" | C) ""The truth is that I am your father."" | D) ""No. I am your father.""";D;"";"";"OpenTDB"
1276;Cinema;2;"Quel est le nom du protagoniste dans le film ""Commando"" (1985) ?";"What was the name of the protagonist in the movie Commando (1985)?";"A) Harry Tasker | B) Ben Richards | C) Douglas Quaid | D) John Matrix";"A) Harry Tasker | B) Ben Richards | C) Douglas Quaid | D) John Matrix";D;"";"";"OpenTDB"
1277;Cinema;1;"De quelle race était le chien Marley dans le film ""Marley & Moi"" (2008) ?";"What breed of dog was Marley in the film ""Marley & Me"" (2008)?";"A) Dalmatien | B) Golden Retriever | C) Labrador Retriever | D) Shiba Inu";"A) Dalmatian | B) Golden Retriever | C) Labrador Retriever | D) Shiba Inu";C;"";"";"OpenTDB"
1278;Cinema;3;"En quelle année Clint Eastwood a-t-il incarné l'inspecteur Harry Callahan dans ""L'Inspecteur Harry"" ?";"In what year did Clint Eastwood star as Inspector Harry Callahan in the film ""Dirty Harry""?";"A) 1969 | B) 1983 | C) 1971 | D) 1975";"A) 1969 | B) 1983 | C) 1971 | D) 1975";C;"";"";"OpenTDB"
1279;Cinema;3;"Selon l'univers ""Star Wars"", de quelle planète Obi-Wan Kenobi est-il originaire ?";"According to ""Star Wars"" lore, which planet does Obi-Wan Kenobi come from?";"A) Tatooine | B) Alderaan | C) Stewjon | D) Naboo";"A) Tatooine | B) Alderaan | C) Stewjon | D) Naboo";C;"";"";"OpenTDB"
